{"cameraMode":{"drawMode":0,"name":"Shaded","section":"Shading Mode"},"sceneLighting":true,"audioPlay":false,"sceneViewState":{"m_AlwaysRefresh":false,"showFog":true,"showSkybox":true,"showFlares":true,"showImageEffects":true,"showParticleSystems":true,"showVisualEffectGraphs":true,"m_FxEnabled":true},"in2DMode":false,"pivot":{"x":-1.0551586151123047,"y":-0.33352160453796389,"z":-0.8299423456192017},"rotation":{"x":-0.22903871536254884,"y":-0.6125491857528687,"z":0.19170688092708589,"w":-0.7318317294120789},"size":4.069828033447266,"orthographic":false}